2025-11-24_18-55-15,0,draft.py:2025-11-24_18-55-15
2025-11-24_19-13-42,0,draft.py:2025-11-24_19-13-42
2025-11-24_19-28-58,0,draft.py:2025-11-24_19-28-58
2025-11-25_14-22-22,0,draft.py:2025-11-25_14-22-22
2025-11-27_17-00-29,0,draft.py:2025-11-25_14-22-22
2025-11-27_17-18-26,0,draft.py:2025-11-27_17-18-26
2025-11-27_17-32-40,0,draft.py:2025-11-27_17-32-40
2025-11-27_18-06-29,60,draft.py:2025-11-27_18-06-29
2025-11-27_18-07-47,60,draft.py:2025-11-27_18-07-47
2025-11-27_18-09-00,60,draft.py:2025-11-27_18-09-00
2025-11-27_18-10-06,60,draft.py:2025-11-27_18-10-06
2025-11-27_18-10-32,100,draft.py:2025-11-27_18-10-32
2025-11-27_18-13-22,100,draft.py:2025-11-27_18-10-32
2025-11-29_16-42-47,100,draft.py:2025-11-27_18-10-32
2025-11-29_16-44-14,100,draft.py:2025-11-27_18-10-32
2025-11-29_16-46-16,100,draft.py:2025-11-27_18-10-32
2025-11-29_16-49-50,100,draft.py:2025-11-27_18-10-32
2025-11-29_16-52-21,100,draft.py:2025-11-27_18-10-32
2025-11-29_16-55-19,100,draft.py:2025-11-27_18-10-32
2025-11-29_16-58-52,100,draft.py:2025-11-27_18-10-32
2025-11-29_16-59-47,100,draft.py:2025-11-27_18-10-32
2025-11-29_17-02-59,100,draft.py:2025-11-27_18-10-32
2025-11-29_17-06-00,100,draft.py:2025-11-27_18-10-32
2025-11-29_17-11-27,100,draft.py:2025-11-27_18-10-32
2025-11-29_17-17-06,100,draft.py:2025-11-27_18-10-32
2025-12-01_00-21-28,100,draft.py:2025-11-27_18-10-32
2025-12-01_00-30-59,100,draft.py:2025-11-27_18-10-32
2025-12-01_00-32-40,100,draft.py:2025-11-27_18-10-32
2025-12-01_00-32-46,100,draft.py:2025-11-27_18-10-32
2025-12-01_00-41-17,100,draft.py:2025-11-27_18-10-32
2025-12-01_00-51-36,100,draft.py:2025-11-27_18-10-32
2025-12-01_01-08-13,100,draft.py:2025-11-27_18-10-32
